vehicle_id,origin,destination,employees_served,vehicle_capacity,demand_utilization_pct,departure_time,arrival_time,time_limit,start_delay_window_min,remaining_time_to_limit_min,modeled_duration_min,drive_time_min,wait_time_min,service_time_min,productive_time_min,idle_ratio_pct,drive_time_pct,service_time_pct,wait_time_pct,accounted_distance_km,physical_distance_km,distance_efficiency_ratio,uncosted_distance_km,route_objective_contribution,total_stops,total_service_stops,is_empty_route,first_service_arrival,last_service_arrival,priority_low_served,priority_medium_served,priority_high_served,route_path
0,DI000,DF,4,5,80.00,08:19,09:00,09:00,49,0,41,21,0,20,41,0.00,51.22,48.78,0.00,17.234,52.396,0.328918,35.162,17234,6,4,False,08:19,08:52,1,1,2,0(08:19) -> 56(08:19) -> 42(08:28) -> 28(08:39) -> 37(08:52) -> 12(09:00)
1,DI001,DF,5,5,100.00,08:11,09:00,09:00,41,0,49,24,0,25,49,0.00,48.98,51.02,0.00,19.833,37.506,0.528795,17.673,19833,7,5,False,08:11,08:46,0,1,4,1(08:11) -> 58(08:11) -> 53(08:21) -> 38(08:27) -> 17(08:35) -> 14(08:46) -> 12(09:00)
2,DI002,DF,5,5,100.00,07:51,09:00,09:00,21,0,69,44,0,25,69,0.00,63.77,36.23,0.00,36.566,53.184,0.687538,16.618,36566,7,5,False,07:51,08:40,0,0,5,2(07:51) -> 62(07:51) -> 29(08:00) -> 35(08:12) -> 60(08:30) -> 13(08:40) -> 12(09:00)
3,DI003,DF,5,5,100.00,08:02,09:00,09:00,32,0,58,33,0,25,58,0.00,56.90,43.10,0.00,27.925,43.982,0.634919,16.057,27925,7,5,False,08:02,08:41,0,0,5,3(08:02) -> 32(08:02) -> 47(08:10) -> 23(08:22) -> 36(08:33) -> 22(08:41) -> 12(09:00)
4,DI004,DF,5,5,100.00,07:54,09:00,09:00,24,0,66,41,0,25,66,0.00,62.12,37.88,0.00,33.078,69.005,0.479357,35.927,33078,7,5,False,07:54,08:40,0,0,5,4(07:54) -> 27(07:54) -> 33(08:07) -> 45(08:17) -> 34(08:33) -> 31(08:40) -> 12(09:00)
5,DI005,DF,5,5,100.00,08:01,09:00,09:00,31,0,59,34,0,25,59,0.00,57.63,42.37,0.00,29.485,53.864,0.547397,24.379,29485,7,5,False,08:01,08:35,0,0,5,5(08:01) -> 44(08:01) -> 55(08:10) -> 30(08:18) -> 49(08:28) -> 59(08:35) -> 12(09:00)
6,DI006,DF,5,5,100.00,08:13,09:00,09:00,43,0,47,22,0,25,47,0.00,46.81,53.19,0.00,18.918,49.269,0.383974,30.351,18918,7,5,False,08:13,08:43,0,0,5,6(08:13) -> 51(08:13) -> 21(08:21) -> 43(08:28) -> 46(08:37) -> 61(08:43) -> 12(09:00)
7,DI007,DF,5,5,100.00,07:35,09:00,09:00,5,0,85,60,0,25,85,0.00,70.59,29.41,0.00,50.296,81.835,0.614603,31.539,50296,7,5,False,07:35,08:22,0,0,5,7(07:35) -> 18(07:35) -> 41(07:47) -> 24(07:54) -> 50(08:05) -> 52(08:22) -> 12(09:00)
8,DI008,DF,5,5,100.00,07:54,09:00,09:00,24,0,66,41,0,25,66,0.00,62.12,37.88,0.00,33.983,62.888,0.540373,28.905,33983,7,5,False,07:54,08:40,0,0,5,8(07:54) -> 25(07:54) -> 15(08:09) -> 54(08:21) -> 20(08:29) -> 48(08:40) -> 12(09:00)
9,DI009,DF,4,5,80.00,08:29,09:00,09:00,59,0,31,11,0,20,31,0.00,35.48,64.52,0.00,9.660,17.739,0.544563,8.079,9660,6,4,False,08:29,08:50,1,3,0,9(08:29) -> 26(08:29) -> 57(08:35) -> 39(08:42) -> 16(08:50) -> 12(09:00)
10,DI010,DF,2,5,40.00,08:38,09:00,09:00,68,0,22,12,0,10,22,0.00,54.55,45.45,0.00,9.700,27.648,0.350839,17.948,9700,4,2,False,08:38,08:53,1,1,0,10(08:38) -> 19(08:38) -> 40(08:53) -> 12(09:00)
11,DI011,DF,0,5,0.00,07:30,07:30,09:00,0,90,0,0,0,0,0,0.00,0.00,0.00,0.00,0.000,22.561,0.000000,22.561,0,2,0,True,,,0,0,0,11(07:30) -> 12(07:30)
