vehicle_id,route_start_label,route_end_label,stop_sequence,stop_type,node_id,node_label,arrival_minutes,arrival_time,duration_from_previous_arrival_minutes,cumulative_duration_from_previous_arrival_minutes,departure_minutes,departure_time,service_minutes,wait_minutes,cumulative_wait_minutes,load_before,load_delta,load_after,leg_distance_km_from_prev,leg_travel_minutes_from_prev,cumulative_distance_km
0,DI000,DF,0,START,0,DI000,49,08:19,0,0,49,08:19,0,0,0,0,0,0,0.000,0,0.000
0,DI000,DF,1,SERVICE,56,E43,49,08:19,0,0,54,08:24,5,0,0,0,1,1,0.000,0,0.000
0,DI000,DF,2,SERVICE,42,E29,58,08:28,9,9,63,08:33,5,0,0,1,1,2,3.402,4,3.402
0,DI000,DF,3,SERVICE,28,E15,69,08:39,11,20,74,08:44,5,0,0,2,1,3,4.699,6,8.101
0,DI000,DF,4,SERVICE,37,E24,82,08:52,13,33,87,08:57,5,0,0,3,1,4,6.321,8,14.422
0,DI000,DF,5,END,12,DF,90,09:00,8,41,90,09:00,0,0,0,4,0,4,2.812,3,17.234
1,DI001,DF,0,START,1,DI001,41,08:11,0,0,41,08:11,0,0,0,0,0,0,0.000,0,0.000
1,DI001,DF,1,SERVICE,58,E45,41,08:11,0,0,46,08:16,5,0,0,0,1,1,0.000,0,0.000
1,DI001,DF,2,SERVICE,53,E40,51,08:21,10,10,56,08:26,5,0,0,1,1,2,4.223,5,4.223
1,DI001,DF,3,SERVICE,38,E25,57,08:27,6,16,62,08:32,5,0,0,2,1,3,0.816,1,5.039
1,DI001,DF,4,SERVICE,17,E4,65,08:35,8,24,70,08:40,5,0,0,3,1,4,2.366,3,7.405
1,DI001,DF,5,SERVICE,14,E1,76,08:46,11,35,81,08:51,5,0,0,4,1,5,4.843,6,12.248
1,DI001,DF,6,END,12,DF,90,09:00,14,49,90,09:00,0,0,0,5,0,5,7.585,9,19.833
2,DI002,DF,0,START,2,DI002,21,07:51,0,0,21,07:51,0,0,0,0,0,0,0.000,0,0.000
2,DI002,DF,1,SERVICE,62,E49,21,07:51,0,0,26,07:56,5,0,0,0,1,1,0.000,0,0.000
2,DI002,DF,2,SERVICE,29,E16,30,08:00,9,9,35,08:05,5,0,0,1,1,2,3.710,4,3.710
2,DI002,DF,3,SERVICE,35,E22,42,08:12,12,21,47,08:17,5,0,0,2,1,3,5.514,7,9.224
2,DI002,DF,4,SERVICE,60,E47,60,08:30,18,39,65,08:35,5,0,0,3,1,4,10.546,13,19.770
2,DI002,DF,5,SERVICE,13,E0,70,08:40,10,49,75,08:45,5,0,0,4,1,5,3.982,5,23.752
2,DI002,DF,6,END,12,DF,90,09:00,20,69,90,09:00,0,0,0,5,0,5,12.814,15,36.566
3,DI003,DF,0,START,3,DI003,32,08:02,0,0,32,08:02,0,0,0,0,0,0,0.000,0,0.000
3,DI003,DF,1,SERVICE,32,E19,32,08:02,0,0,37,08:07,5,0,0,0,1,1,0.000,0,0.000
3,DI003,DF,2,SERVICE,47,E34,40,08:10,8,8,45,08:15,5,0,0,1,1,2,2.454,3,2.454
3,DI003,DF,3,SERVICE,23,E10,52,08:22,12,20,57,08:27,5,0,0,2,1,3,5.886,7,8.340
3,DI003,DF,4,SERVICE,36,E23,63,08:33,11,31,68,08:38,5,0,0,3,1,4,4.729,6,13.069
3,DI003,DF,5,SERVICE,22,E9,71,08:41,8,39,76,08:46,5,0,0,4,1,5,2.827,3,15.896
3,DI003,DF,6,END,12,DF,90,09:00,19,58,90,09:00,0,0,0,5,0,5,12.029,14,27.925
4,DI004,DF,0,START,4,DI004,24,07:54,0,0,24,07:54,0,0,0,0,0,0,0.000,0,0.000
4,DI004,DF,1,SERVICE,27,E14,24,07:54,0,0,29,07:59,5,0,0,0,1,1,0.000,0,0.000
4,DI004,DF,2,SERVICE,33,E20,37,08:07,13,13,42,08:12,5,0,0,1,1,2,6.377,8,6.377
4,DI004,DF,3,SERVICE,45,E32,47,08:17,10,23,52,08:22,5,0,0,2,1,3,3.857,5,10.234
4,DI004,DF,4,SERVICE,34,E21,63,08:33,16,39,68,08:38,5,0,0,3,1,4,8.946,11,19.180
4,DI004,DF,5,SERVICE,31,E18,70,08:40,7,46,75,08:45,5,0,0,4,1,5,1.311,2,20.491
4,DI004,DF,6,END,12,DF,90,09:00,20,66,90,09:00,0,0,0,5,0,5,12.587,15,33.078
5,DI005,DF,0,START,5,DI005,31,08:01,0,0,31,08:01,0,0,0,0,0,0,0.000,0,0.000
5,DI005,DF,1,SERVICE,44,E31,31,08:01,0,0,36,08:06,5,0,0,0,1,1,0.000,0,0.000
5,DI005,DF,2,SERVICE,55,E42,40,08:10,9,9,45,08:15,5,0,0,1,1,2,3.518,4,3.518
5,DI005,DF,3,SERVICE,30,E17,48,08:18,8,17,53,08:23,5,0,0,2,1,3,2.760,3,6.278
5,DI005,DF,4,SERVICE,49,E36,58,08:28,10,27,63,08:33,5,0,0,3,1,4,4.283,5,10.561
5,DI005,DF,5,SERVICE,59,E46,65,08:35,7,34,70,08:40,5,0,0,4,1,5,1.995,2,12.556
5,DI005,DF,6,END,12,DF,90,09:00,25,59,90,09:00,0,0,0,5,0,5,16.929,20,29.485
6,DI006,DF,0,START,6,DI006,43,08:13,0,0,43,08:13,0,0,0,0,0,0,0.000,0,0.000
6,DI006,DF,1,SERVICE,51,E38,43,08:13,0,0,48,08:18,5,0,0,0,1,1,0.000,0,0.000
6,DI006,DF,2,SERVICE,21,E8,51,08:21,8,8,56,08:26,5,0,0,1,1,2,2.212,3,2.212
6,DI006,DF,3,SERVICE,43,E30,58,08:28,7,15,63,08:33,5,0,0,2,1,3,1.803,2,4.015
6,DI006,DF,4,SERVICE,46,E33,67,08:37,9,24,72,08:42,5,0,0,3,1,4,3.264,4,7.279
6,DI006,DF,5,SERVICE,61,E48,73,08:43,6,30,78,08:48,5,0,0,4,1,5,1.230,1,8.509
6,DI006,DF,6,END,12,DF,90,09:00,17,47,90,09:00,0,0,0,5,0,5,10.409,12,18.918
7,DI007,DF,0,START,7,DI007,5,07:35,0,0,5,07:35,0,0,0,0,0,0,0.000,0,0.000
7,DI007,DF,1,SERVICE,18,E5,5,07:35,0,0,10,07:40,5,0,0,0,1,1,0.000,0,0.000
7,DI007,DF,2,SERVICE,41,E28,17,07:47,12,12,22,07:52,5,0,0,1,1,2,6.037,7,6.037
7,DI007,DF,3,SERVICE,24,E11,24,07:54,7,19,29,07:59,5,0,0,2,1,3,1.865,2,7.902
7,DI007,DF,4,SERVICE,50,E37,35,08:05,11,30,40,08:10,5,0,0,3,1,4,5.018,6,12.920
7,DI007,DF,5,SERVICE,52,E39,52,08:22,17,47,57,08:27,5,0,0,4,1,5,9.898,12,22.818
7,DI007,DF,6,END,12,DF,90,09:00,38,85,90,09:00,0,0,0,5,0,5,27.478,33,50.296
8,DI008,DF,0,START,8,DI008,24,07:54,0,0,24,07:54,0,0,0,0,0,0,0.000,0,0.000
8,DI008,DF,1,SERVICE,25,E12,24,07:54,0,0,29,07:59,5,0,0,0,1,1,0.000,0,0.000
8,DI008,DF,2,SERVICE,15,E2,39,08:09,15,15,44,08:14,5,0,0,1,1,2,8.038,10,8.038
8,DI008,DF,3,SERVICE,54,E41,51,08:21,12,27,56,08:26,5,0,0,2,1,3,5.774,7,13.812
8,DI008,DF,4,SERVICE,20,E7,59,08:29,8,35,64,08:34,5,0,0,3,1,4,2.549,3,16.361
8,DI008,DF,5,SERVICE,48,E35,70,08:40,11,46,75,08:45,5,0,0,4,1,5,5.337,6,21.698
8,DI008,DF,6,END,12,DF,90,09:00,20,66,90,09:00,0,0,0,5,0,5,12.285,15,33.983
9,DI009,DF,0,START,9,DI009,59,08:29,0,0,59,08:29,0,0,0,0,0,0,0.000,0,0.000
9,DI009,DF,1,SERVICE,26,E13,59,08:29,0,0,64,08:34,5,0,0,0,1,1,0.000,0,0.000
9,DI009,DF,2,SERVICE,57,E44,65,08:35,6,6,70,08:40,5,0,0,1,1,2,0.780,1,0.780
9,DI009,DF,3,SERVICE,39,E26,72,08:42,7,13,77,08:47,5,0,0,2,1,3,1.805,2,2.585
9,DI009,DF,4,SERVICE,16,E3,80,08:50,8,21,85,08:55,5,0,0,3,1,4,2.535,3,5.120
9,DI009,DF,5,END,12,DF,90,09:00,10,31,90,09:00,0,0,0,4,0,4,4.540,5,9.660
10,DI010,DF,0,START,10,DI010,68,08:38,0,0,68,08:38,0,0,0,0,0,0,0.000,0,0.000
10,DI010,DF,1,SERVICE,19,E6,68,08:38,0,0,73,08:43,5,0,0,0,1,1,0.000,0,0.000
10,DI010,DF,2,SERVICE,40,E27,83,08:53,15,15,88,08:58,5,0,0,1,1,2,8.176,10,8.176
10,DI010,DF,3,END,12,DF,90,09:00,7,22,90,09:00,0,0,0,2,0,2,1.524,2,9.700
11,DI011,DF,0,START,11,DI011,0,07:30,0,0,0,07:30,0,0,0,0,0,0,0.000,0,0.000
11,DI011,DF,1,END,12,DF,0,07:30,0,0,0,07:30,0,0,0,0,0,0,0.000,0,0.000
