**SUMMARY**,,,
status,FEASIBLE,Final solver feasibility status.,Direct value from OR-Tools solve status.
total_objective_value,287271,Final objective value for the selected solution.,Directly read from solution.ObjectiveValue().
search_time_ms,30007,Wall-clock search time in milliseconds.,Directly reported by solver wall time counter.
total_employees,50,Total number of employees in scenario demand.,Input configuration value from settings.
served_employees_total,50,Total employees served by all routes.,Sum of covered demand across solved routes.
omitted_employees_total,0,Total employees not served.,Count of omitted service points in solve result.
routes_generated_total,12,Total routes generated by the solver.,Count of solve_result.solved_routes entries.
active_routes_total,11,Routes with at least one serviced stop.,routes_generated_total - empty_routes_total.
empty_routes_total,1,Routes with zero serviced stops.,Count of routes where is_empty_route=True.
total_stops_all_routes,74,Total stop records across all generated routes.,Sum of route.total_stops across routes.
total_service_stops_all_routes,50,Total serviced stops across all generated routes.,Sum of route.total_service_stops across routes.
accounted_distance_total_km,286.678,Distance counted by configured modeling rules (km).,Sum of modeled route distance (includes/excludes extreme legs by COUNT_FIRST/LAST_LEG_COST flags).
physical_distance_total_km,571.877,Real traveled distance across all arcs (km).,Sum of physical arc distances for all solved routes.
deadhead_distance_km,406.191,Distance on start/end repositioning legs (km).,Sum of physical arc distances where arc leaves START or reaches END.
total_drive_min,343,Total driving minutes.,Sum of reported leg travel time across routes.
total_wait_min,0,Total waiting minutes.,Sum of route waiting time from schedule slack.
total_service_min,250,Total service minutes at employee stops.,Sum of service lag minutes across all routes.
omitted_low_priority_count,0,Number of omitted low-priority employees.,Count omitted service points with LOW priority.
omitted_medium_priority_count,0,Number of omitted medium-priority employees.,Count omitted service points with MEDIUM priority.
omitted_high_priority_count,0,Number of omitted high-priority employees.,Count omitted service points with HIGH priority.
solver_status_detail,ROUTING_SUCCESS,Detailed solver status.,Mapped solver status name.
solver_branches,5345,Branching decisions explored by the solver.,Direct branch counter from OR-Tools.
solver_failures,1835,Failed nodes/backtracks during search.,Direct failure counter from OR-Tools.
